{
  "urls": [
    "audios.ogg",
    "audios.m4a",
    "audios.mp3",
    "audios.ac3"
  ],
  "sprite": {
    "fly": [
      0,
      572.4943310657596
    ],
    "invisible": [
      2000,
      357.43764172335625
    ],
    "stone": [
      4000,
      260.27210884353735
    ],
    "walk1": [
      6000,
      150.11337868480723
    ],
    "walk2": [
      8000,
      189.95464852607745
    ]
  }
}
